<annotation>
	<folder>my-project-name</folder>
	<filename>capcha6.png</filename>
	<path>/my-project-name/capcha6.png</path>
	<source>
		<database>Unspecified</database>
	</source>
	<size>
		<width>1024</width>
		<height>670</height>
		<depth>3</depth>
	</size>
	<object>
		<name>capcha_goblin</name>
		<pose>Unspecified</pose>
		<truncated>0</truncated>
		<difficult>0</difficult>
		<bndbox>
			<xmin>355</xmin>
			<ymin>98</ymin>
			<xmax>452</xmax>
			<ymax>192</ymax>
		</bndbox>
	</object>
	<object>
		<name>capcha_goblin</name>
		<pose>Unspecified</pose>
		<truncated>0</truncated>
		<difficult>0</difficult>
		<bndbox>
			<xmin>827</xmin>
			<ymin>102</ymin>
			<xmax>922</xmax>
			<ymax>187</ymax>
		</bndbox>
	</object>
	<object>
		<name>capcha_goblin</name>
		<pose>Unspecified</pose>
		<truncated>0</truncated>
		<difficult>0</difficult>
		<bndbox>
			<xmin>142</xmin>
			<ymin>105</ymin>
			<xmax>197</xmax>
			<ymax>189</ymax>
		</bndbox>
	</object>
</annotation>