<annotation>
	<folder>my-project-name</folder>
	<filename>capcha19.png</filename>
	<path>/my-project-name/capcha19.png</path>
	<source>
		<database>Unspecified</database>
	</source>
	<size>
		<width>1014</width>
		<height>822</height>
		<depth>3</depth>
	</size>
	<object>
		<name>capcha_chest</name>
		<pose>Unspecified</pose>
		<truncated>0</truncated>
		<difficult>0</difficult>
		<bndbox>
			<xmin>773</xmin>
			<ymin>103</ymin>
			<xmax>903</xmax>
			<ymax>229</ymax>
		</bndbox>
	</object>
</annotation>