<annotation>
	<folder>my-project-name</folder>
	<filename>capcha16.png</filename>
	<path>/my-project-name/capcha16.png</path>
	<source>
		<database>Unspecified</database>
	</source>
	<size>
		<width>1012</width>
		<height>674</height>
		<depth>3</depth>
	</size>
	<object>
		<name>capcha_goblin</name>
		<pose>Unspecified</pose>
		<truncated>0</truncated>
		<difficult>0</difficult>
		<bndbox>
			<xmin>122</xmin>
			<ymin>110</ymin>
			<xmax>213</xmax>
			<ymax>192</ymax>
		</bndbox>
	</object>
	<object>
		<name>capcha_goblin</name>
		<pose>Unspecified</pose>
		<truncated>0</truncated>
		<difficult>0</difficult>
		<bndbox>
			<xmin>365</xmin>
			<ymin>116</ymin>
			<xmax>435</xmax>
			<ymax>198</ymax>
		</bndbox>
	</object>
	<object>
		<name>capcha_goblin</name>
		<pose>Unspecified</pose>
		<truncated>0</truncated>
		<difficult>0</difficult>
		<bndbox>
			<xmin>606</xmin>
			<ymin>108</ymin>
			<xmax>667</xmax>
			<ymax>198</ymax>
		</bndbox>
	</object>
</annotation>