<annotation>
	<folder>my-project-name</folder>
	<filename>capcha26.jpeg</filename>
	<path>/my-project-name/capcha26.jpeg</path>
	<source>
		<database>Unspecified</database>
	</source>
	<size>
		<width>589</width>
		<height>1280</height>
		<depth>3</depth>
	</size>
	<object>
		<name>capcha_chest</name>
		<pose>Unspecified</pose>
		<truncated>0</truncated>
		<difficult>0</difficult>
		<bndbox>
			<xmin>442</xmin>
			<ymin>459</ymin>
			<xmax>534</xmax>
			<ymax>537</ymax>
		</bndbox>
	</object>
</annotation>