<annotation>
	<folder>my-project-name</folder>
	<filename>capcha13.png</filename>
	<path>/my-project-name/capcha13.png</path>
	<source>
		<database>Unspecified</database>
	</source>
	<size>
		<width>1022</width>
		<height>838</height>
		<depth>3</depth>
	</size>
	<object>
		<name>capcha_chest</name>
		<pose>Unspecified</pose>
		<truncated>0</truncated>
		<difficult>0</difficult>
		<bndbox>
			<xmin>810</xmin>
			<ymin>240</ymin>
			<xmax>931</xmax>
			<ymax>350</ymax>
		</bndbox>
	</object>
</annotation>