<annotation>
	<folder>my-project-name</folder>
	<filename>capcha34.jpeg</filename>
	<path>/my-project-name/capcha34.jpeg</path>
	<source>
		<database>Unspecified</database>
	</source>
	<size>
		<width>589</width>
		<height>1280</height>
		<depth>3</depth>
	</size>
	<object>
		<name>capcha_sceleton</name>
		<pose>Unspecified</pose>
		<truncated>0</truncated>
		<difficult>0</difficult>
		<bndbox>
			<xmin>71</xmin>
			<ymin>555</ymin>
			<xmax>120</xmax>
			<ymax>615</ymax>
		</bndbox>
	</object>
	<object>
		<name>capcha_sceleton</name>
		<pose>Unspecified</pose>
		<truncated>0</truncated>
		<difficult>0</difficult>
		<bndbox>
			<xmin>197</xmin>
			<ymin>482</ymin>
			<xmax>257</xmax>
			<ymax>547</ymax>
		</bndbox>
	</object>
	<object>
		<name>capcha_sceleton</name>
		<pose>Unspecified</pose>
		<truncated>0</truncated>
		<difficult>0</difficult>
		<bndbox>
			<xmin>339</xmin>
			<ymin>485</ymin>
			<xmax>381</xmax>
			<ymax>546</ymax>
		</bndbox>
	</object>
</annotation>