<annotation>
	<folder>my-project-name</folder>
	<filename>capcha11.png</filename>
	<path>/my-project-name/capcha11.png</path>
	<source>
		<database>Unspecified</database>
	</source>
	<size>
		<width>1014</width>
		<height>818</height>
		<depth>3</depth>
	</size>
	<object>
		<name>capcha_chest</name>
		<pose>Unspecified</pose>
		<truncated>0</truncated>
		<difficult>0</difficult>
		<bndbox>
			<xmin>330</xmin>
			<ymin>228</ymin>
			<xmax>459</xmax>
			<ymax>356</ymax>
		</bndbox>
	</object>
</annotation>