<annotation>
	<folder>my-project-name</folder>
	<filename>capcha4.png</filename>
	<path>/my-project-name/capcha4.png</path>
	<source>
		<database>Unspecified</database>
	</source>
	<size>
		<width>1002</width>
		<height>654</height>
		<depth>3</depth>
	</size>
	<object>
		<name>capcha_goblin</name>
		<pose>Unspecified</pose>
		<truncated>0</truncated>
		<difficult>0</difficult>
		<bndbox>
			<xmin>588</xmin>
			<ymin>100</ymin>
			<xmax>654</xmax>
			<ymax>164</ymax>
		</bndbox>
	</object>
	<object>
		<name>capcha_goblin</name>
		<pose>Unspecified</pose>
		<truncated>0</truncated>
		<difficult>0</difficult>
		<bndbox>
			<xmin>823</xmin>
			<ymin>94</ymin>
			<xmax>895</xmax>
			<ymax>179</ymax>
		</bndbox>
	</object>
	<object>
		<name>capcha_goblin</name>
		<pose>Unspecified</pose>
		<truncated>0</truncated>
		<difficult>0</difficult>
		<bndbox>
			<xmin>115</xmin>
			<ymin>94</ymin>
			<xmax>196</xmax>
			<ymax>187</ymax>
		</bndbox>
	</object>
</annotation>