<annotation>
	<folder>my-project-name</folder>
	<filename>capcha18.png</filename>
	<path>/my-project-name/capcha18.png</path>
	<source>
		<database>Unspecified</database>
	</source>
	<size>
		<width>1004</width>
		<height>814</height>
		<depth>3</depth>
	</size>
	<object>
		<name>capcha_goblin</name>
		<pose>Unspecified</pose>
		<truncated>0</truncated>
		<difficult>0</difficult>
		<bndbox>
			<xmin>537</xmin>
			<ymin>327</ymin>
			<xmax>669</xmax>
			<ymax>455</ymax>
		</bndbox>
	</object>
</annotation>