<annotation>
	<folder>my-project-name</folder>
	<filename>capcha33.jpeg</filename>
	<path>/my-project-name/capcha33.jpeg</path>
	<source>
		<database>Unspecified</database>
	</source>
	<size>
		<width>589</width>
		<height>1280</height>
		<depth>3</depth>
	</size>
	<object>
		<name>capcha_goblin</name>
		<pose>Unspecified</pose>
		<truncated>0</truncated>
		<difficult>0</difficult>
		<bndbox>
			<xmin>196</xmin>
			<ymin>420</ymin>
			<xmax>268</xmax>
			<ymax>471</ymax>
		</bndbox>
	</object>
	<object>
		<name>capcha_goblin</name>
		<pose>Unspecified</pose>
		<truncated>0</truncated>
		<difficult>0</difficult>
		<bndbox>
			<xmin>75</xmin>
			<ymin>423</ymin>
			<xmax>120</xmax>
			<ymax>472</ymax>
		</bndbox>
	</object>
	<object>
		<name>capcha_goblin</name>
		<pose>Unspecified</pose>
		<truncated>0</truncated>
		<difficult>0</difficult>
		<bndbox>
			<xmin>78</xmin>
			<ymin>489</ymin>
			<xmax>114</xmax>
			<ymax>542</ymax>
		</bndbox>
	</object>
</annotation>