<annotation>
	<folder>my-project-name</folder>
	<filename>capcha22.png</filename>
	<path>/my-project-name/capcha22.png</path>
	<source>
		<database>Unspecified</database>
	</source>
	<size>
		<width>1010</width>
		<height>820</height>
		<depth>3</depth>
	</size>
	<object>
		<name>capcha_chest</name>
		<pose>Unspecified</pose>
		<truncated>0</truncated>
		<difficult>0</difficult>
		<bndbox>
			<xmin>697</xmin>
			<ymin>262</ymin>
			<xmax>820</xmax>
			<ymax>387</ymax>
		</bndbox>
	</object>
</annotation>