<annotation>
	<folder>my-project-name</folder>
	<filename>capcha35.jpeg</filename>
	<path>/my-project-name/capcha35.jpeg</path>
	<source>
		<database>Unspecified</database>
	</source>
	<size>
		<width>589</width>
		<height>1280</height>
		<depth>3</depth>
	</size>
	<object>
		<name>capcha_goblin</name>
		<pose>Unspecified</pose>
		<truncated>0</truncated>
		<difficult>0</difficult>
		<bndbox>
			<xmin>199</xmin>
			<ymin>483</ymin>
			<xmax>264</xmax>
			<ymax>527</ymax>
		</bndbox>
	</object>
	<object>
		<name>capcha_goblin</name>
		<pose>Unspecified</pose>
		<truncated>0</truncated>
		<difficult>0</difficult>
		<bndbox>
			<xmin>330</xmin>
			<ymin>557</ymin>
			<xmax>393</xmax>
			<ymax>593</ymax>
		</bndbox>
	</object>
	<object>
		<name>capcha_goblin</name>
		<pose>Unspecified</pose>
		<truncated>0</truncated>
		<difficult>0</difficult>
		<bndbox>
			<xmin>74</xmin>
			<ymin>561</ymin>
			<xmax>120</xmax>
			<ymax>603</ymax>
		</bndbox>
	</object>
</annotation>