<annotation>
	<folder>my-project-name</folder>
	<filename>capcha17.png</filename>
	<path>/my-project-name/capcha17.png</path>
	<source>
		<database>Unspecified</database>
	</source>
	<size>
		<width>1004</width>
		<height>822</height>
		<depth>3</depth>
	</size>
	<object>
		<name>capcha_chest</name>
		<pose>Unspecified</pose>
		<truncated>0</truncated>
		<difficult>0</difficult>
		<bndbox>
			<xmin>755</xmin>
			<ymin>343</ymin>
			<xmax>888</xmax>
			<ymax>463</ymax>
		</bndbox>
	</object>
</annotation>