<annotation>
	<folder>my-project-name</folder>
	<filename>capcha31.jpeg</filename>
	<path>/my-project-name/capcha31.jpeg</path>
	<source>
		<database>Unspecified</database>
	</source>
	<size>
		<width>589</width>
		<height>1280</height>
		<depth>3</depth>
	</size>
	<object>
		<name>capcha_goblin</name>
		<pose>Unspecified</pose>
		<truncated>0</truncated>
		<difficult>0</difficult>
		<bndbox>
			<xmin>207</xmin>
			<ymin>422</ymin>
			<xmax>252</xmax>
			<ymax>477</ymax>
		</bndbox>
	</object>
	<object>
		<name>capcha_goblin</name>
		<pose>Unspecified</pose>
		<truncated>0</truncated>
		<difficult>0</difficult>
		<bndbox>
			<xmin>329</xmin>
			<ymin>420</ymin>
			<xmax>393</xmax>
			<ymax>474</ymax>
		</bndbox>
	</object>
	<object>
		<name>capcha_goblin</name>
		<pose>Unspecified</pose>
		<truncated>0</truncated>
		<difficult>0</difficult>
		<bndbox>
			<xmin>458</xmin>
			<ymin>415</ymin>
			<xmax>527</xmax>
			<ymax>474</ymax>
		</bndbox>
	</object>
</annotation>