<annotation>
	<folder>my-project-name</folder>
	<filename>capcha29.jpeg</filename>
	<path>/my-project-name/capcha29.jpeg</path>
	<source>
		<database>Unspecified</database>
	</source>
	<size>
		<width>589</width>
		<height>1280</height>
		<depth>3</depth>
	</size>
	<object>
		<name>capcha_chest</name>
		<pose>Unspecified</pose>
		<truncated>0</truncated>
		<difficult>0</difficult>
		<bndbox>
			<xmin>286</xmin>
			<ymin>646</ymin>
			<xmax>365</xmax>
			<ymax>714</ymax>
		</bndbox>
	</object>
</annotation>