<annotation>
	<folder>my-project-name</folder>
	<filename>capcha3.png</filename>
	<path>/my-project-name/capcha3.png</path>
	<source>
		<database>Unspecified</database>
	</source>
	<size>
		<width>998</width>
		<height>642</height>
		<depth>3</depth>
	</size>
	<object>
		<name>capcha_goblin</name>
		<pose>Unspecified</pose>
		<truncated>0</truncated>
		<difficult>0</difficult>
		<bndbox>
			<xmin>121</xmin>
			<ymin>111</ymin>
			<xmax>161</xmax>
			<ymax>137</ymax>
		</bndbox>
	</object>
	<object>
		<name>capcha_goblin</name>
		<pose>Unspecified</pose>
		<truncated>0</truncated>
		<difficult>0</difficult>
		<bndbox>
			<xmin>336</xmin>
			<ymin>78</ymin>
			<xmax>434</xmax>
			<ymax>173</ymax>
		</bndbox>
	</object>
	<object>
		<name>capcha_goblin</name>
		<pose>Unspecified</pose>
		<truncated>0</truncated>
		<difficult>0</difficult>
		<bndbox>
			<xmin>570</xmin>
			<ymin>77</ymin>
			<xmax>670</xmax>
			<ymax>143</ymax>
		</bndbox>
	</object>
</annotation>