<annotation>
	<folder>my-project-name</folder>
	<filename>capcha14.png</filename>
	<path>/my-project-name/capcha14.png</path>
	<source>
		<database>Unspecified</database>
	</source>
	<size>
		<width>1002</width>
		<height>804</height>
		<depth>3</depth>
	</size>
	<object>
		<name>capcha_chest</name>
		<pose>Unspecified</pose>
		<truncated>0</truncated>
		<difficult>0</difficult>
		<bndbox>
			<xmin>410</xmin>
			<ymin>136</ymin>
			<xmax>540</xmax>
			<ymax>265</ymax>
		</bndbox>
	</object>
</annotation>