<annotation>
	<folder>my-project-name</folder>
	<filename>capcha12.png</filename>
	<path>/my-project-name/capcha12.png</path>
	<source>
		<database>Unspecified</database>
	</source>
	<size>
		<width>1024</width>
		<height>824</height>
		<depth>3</depth>
	</size>
	<object>
		<name>capcha_chest</name>
		<pose>Unspecified</pose>
		<truncated>0</truncated>
		<difficult>0</difficult>
		<bndbox>
			<xmin>131</xmin>
			<ymin>316</ymin>
			<xmax>244</xmax>
			<ymax>426</ymax>
		</bndbox>
	</object>
</annotation>