<annotation>
	<folder>my-project-name</folder>
	<filename>capcha20.png</filename>
	<path>/my-project-name/capcha20.png</path>
	<source>
		<database>Unspecified</database>
	</source>
	<size>
		<width>1004</width>
		<height>808</height>
		<depth>3</depth>
	</size>
	<object>
		<name>capcha_chest</name>
		<pose>Unspecified</pose>
		<truncated>0</truncated>
		<difficult>0</difficult>
		<bndbox>
			<xmin>620</xmin>
			<ymin>255</ymin>
			<xmax>738</xmax>
			<ymax>370</ymax>
		</bndbox>
	</object>
</annotation>