<annotation>
	<folder>my-project-name</folder>
	<filename>capcha5.png</filename>
	<path>/my-project-name/capcha5.png</path>
	<source>
		<database>Unspecified</database>
	</source>
	<size>
		<width>1022</width>
		<height>828</height>
		<depth>3</depth>
	</size>
	<object>
		<name>capcha_chest</name>
		<pose>Unspecified</pose>
		<truncated>0</truncated>
		<difficult>0</difficult>
		<bndbox>
			<xmin>277</xmin>
			<ymin>451</ymin>
			<xmax>382</xmax>
			<ymax>548</ymax>
		</bndbox>
	</object>
</annotation>