<annotation>
	<folder>my-project-name</folder>
	<filename>capcha21.png</filename>
	<path>/my-project-name/capcha21.png</path>
	<source>
		<database>Unspecified</database>
	</source>
	<size>
		<width>1020</width>
		<height>844</height>
		<depth>3</depth>
	</size>
	<object>
		<name>capcha_chest</name>
		<pose>Unspecified</pose>
		<truncated>0</truncated>
		<difficult>0</difficult>
		<bndbox>
			<xmin>112</xmin>
			<ymin>155</ymin>
			<xmax>229</xmax>
			<ymax>275</ymax>
		</bndbox>
	</object>
</annotation>