<annotation>
	<folder>my-project-name</folder>
	<filename>capcha8.png</filename>
	<path>/my-project-name/capcha8.png</path>
	<source>
		<database>Unspecified</database>
	</source>
	<size>
		<width>1010</width>
		<height>712</height>
		<depth>3</depth>
	</size>
	<object>
		<name>capcha_sceleton</name>
		<pose>Unspecified</pose>
		<truncated>0</truncated>
		<difficult>0</difficult>
		<bndbox>
			<xmin>812</xmin>
			<ymin>98</ymin>
			<xmax>896</xmax>
			<ymax>199</ymax>
		</bndbox>
	</object>
	<object>
		<name>capcha_sceleton</name>
		<pose>Unspecified</pose>
		<truncated>0</truncated>
		<difficult>0</difficult>
		<bndbox>
			<xmin>583</xmin>
			<ymin>313</ymin>
			<xmax>659</xmax>
			<ymax>399</ymax>
		</bndbox>
	</object>
	<object>
		<name>capcha_sceleton</name>
		<pose>Unspecified</pose>
		<truncated>0</truncated>
		<difficult>0</difficult>
		<bndbox>
			<xmin>821</xmin>
			<ymin>320</ymin>
			<xmax>889</xmax>
			<ymax>396</ymax>
		</bndbox>
	</object>
</annotation>