<annotation>
	<folder>my-project-name</folder>
	<filename>capcha7.png</filename>
	<path>/my-project-name/capcha7.png</path>
	<source>
		<database>Unspecified</database>
	</source>
	<size>
		<width>1008</width>
		<height>660</height>
		<depth>3</depth>
	</size>
	<object>
		<name>capcha_goblin</name>
		<pose>Unspecified</pose>
		<truncated>0</truncated>
		<difficult>0</difficult>
		<bndbox>
			<xmin>342</xmin>
			<ymin>107</ymin>
			<xmax>429</xmax>
			<ymax>187</ymax>
		</bndbox>
	</object>
	<object>
		<name>capcha_goblin</name>
		<pose>Unspecified</pose>
		<truncated>0</truncated>
		<difficult>0</difficult>
		<bndbox>
			<xmin>830</xmin>
			<ymin>110</ymin>
			<xmax>895</xmax>
			<ymax>170</ymax>
		</bndbox>
	</object>
	<object>
		<name>capcha_goblin</name>
		<pose>Unspecified</pose>
		<truncated>0</truncated>
		<difficult>0</difficult>
		<bndbox>
			<xmin>584</xmin>
			<ymin>209</ymin>
			<xmax>657</xmax>
			<ymax>279</ymax>
		</bndbox>
	</object>
</annotation>