<annotation>
	<folder>my-project-name</folder>
	<filename>capcha25.jpeg</filename>
	<path>/my-project-name/capcha25.jpeg</path>
	<source>
		<database>Unspecified</database>
	</source>
	<size>
		<width>589</width>
		<height>1280</height>
		<depth>3</depth>
	</size>
	<object>
		<name>capcha_sceleton</name>
		<pose>Unspecified</pose>
		<truncated>0</truncated>
		<difficult>0</difficult>
		<bndbox>
			<xmin>69</xmin>
			<ymin>557</ymin>
			<xmax>121</xmax>
			<ymax>613</ymax>
		</bndbox>
	</object>
	<object>
		<name>capcha_sceleton</name>
		<pose>Unspecified</pose>
		<truncated>0</truncated>
		<difficult>0</difficult>
		<bndbox>
			<xmin>335</xmin>
			<ymin>559</ymin>
			<xmax>388</xmax>
			<ymax>616</ymax>
		</bndbox>
	</object>
	<object>
		<name>capcha_sceleton</name>
		<pose>Unspecified</pose>
		<truncated>0</truncated>
		<difficult>0</difficult>
		<bndbox>
			<xmin>339</xmin>
			<ymin>625</ymin>
			<xmax>385</xmax>
			<ymax>683</ymax>
		</bndbox>
	</object>
</annotation>